"id";"user_id";"user_pswd"
1;"admin";"9CCC036BE6BF09D20D595EF5FDE10EE9"
2;"admin2";"D0AAEE70DAF14947390A9BEFCCB00493"
5;"admin3";"D0AAEE70DAF14947390A9BEFCCB00493"
6;"admin4";"87BD903885943BE48A4E68AB63B0EC6A"
8;"admin5";"1356CAC477BA0A814054243FDBE2398F"
9;"user";"054795C51DA2DB37A11E9DB627E00890"
10;"user2";"27E614ADBADB57F756874BB002C01A27"
11;"user3";"05880FCF9B78758FD62329E35A30D655"
12;"testtest";"223E26B5230A8128648DA71B204FED26"
14;"testtest2";"223E26B5230A8128648DA71B204FED26"
18;"testtest3";"223E26B5230A8128648DA71B204FED26"
